City_ID,City,Latitude,Longitude,Maximum Temperature (Â°C),Humidity (%),Cloudiness (%),Wind Speed (m/s),Country,Date
0,onguday,50.75,86.15,4.49,56,99,1.51,RU,1714347183
1,road town,18.4167,-64.6167,26.05,83,40,6.17,VG,1714347024
2,hermanus,-34.4187,19.2345,15.94,76,0,0.38,ZA,1714347185
3,porsgrunn,59.1405,9.6561,7.45,97,100,3.06,NO,1714347186
4,avarua,-21.2078,-159.775,28.03,57,40,4.63,CK,1714347187
5,happy valley-goose bay,53.3168,-60.3315,14.17,19,75,4.12,CA,1714347188
6,invercargill,-46.4,168.35,11.12,96,9,1.34,NZ,1714347189
7,al kharj,24.155,47.3346,24.32,46,59,2.71,SA,1714347192
8,puerto ayora,-0.7393,-90.3518,26.97,92,78,2.68,EC,1714347192
9,mata-utu,-13.2816,-176.1745,29.54,77,9,6.35,WF,1714347194
10,jamui,24.9167,86.2167,27.98,38,46,1.81,IN,1714347195
11,nadi,-17.8,177.4167,31.0,66,40,4.12,FJ,1714347196
12,hawaiian paradise park,19.5933,-154.9731,26.73,80,40,5.66,US,1714347197
13,filingue,14.3521,3.3168,34.33,26,100,3.48,NE,1714347198
14,puerto natales,-51.7236,-72.4875,0.78,92,45,1.94,CL,1714347091
15,yellowknife,62.456,-114.3525,3.56,48,75,6.17,CA,1714347200
16,laurentides,46.4334,-74.9826,7.35,75,100,4.7,CA,1714347201
17,arkhangel'sk,64.5401,40.5433,2.29,80,40,6.0,RU,1714347202
18,turabah,21.2141,41.6331,22.62,41,0,2.25,SA,1714347203
19,papatowai,-46.5619,169.4708,14.82,63,6,2.86,NZ,1714347204
20,kushnarenkovo,55.105,55.3508,11.17,79,98,5.47,RU,1714347205
21,waitangi,-43.9535,-176.5597,13.79,82,67,1.34,NZ,1714347206
22,lazaro cardenas,17.9583,-102.2,27.54,64,72,3.75,MX,1714346949
23,kodiak,57.79,-152.4072,15.73,31,0,5.66,US,1714347208
24,grytviken,-54.2811,-36.5092,1.91,97,86,1.35,GS,1714347209
25,edinburgh of the seven seas,-37.0676,-12.3116,13.97,68,69,9.07,SH,1714347210
26,cherryville,53.1569,-6.9667,8.3,90,89,3.22,IE,1714347211
27,lamu,-2.2717,40.902,27.16,79,100,7.66,KE,1714347212
28,bardai,11.65,7.2333,30.26,12,96,3.92,NG,1714347213
29,bilibino,68.0546,166.4372,-2.44,73,17,1.21,RU,1714347214
30,lihue,21.9789,-159.3672,26.58,73,0,3.6,US,1714347216
31,la rinconada,37.4873,-5.9826,15.59,60,0,2.57,ES,1714347217
32,albany,42.6001,-73.9662,18.84,91,99,0.45,US,1714347010
33,howrah,22.5892,88.3103,32.0,58,20,2.57,IN,1714347218
34,swan hill,-35.3378,143.5544,16.86,29,92,2.07,AU,1714346931
35,nefta,33.8731,7.8777,18.14,71,27,8.88,TN,1714347221
36,quibdo,5.6947,-76.6611,26.19,94,40,2.57,CO,1714347222
37,kristiansund,63.1115,7.732,10.36,57,75,4.12,NO,1714347223
38,port-aux-francais,-49.35,70.2167,4.41,75,83,15.34,TF,1714347224
39,isafjordur,66.0755,-23.124,1.56,87,88,2.18,IS,1714347225
40,la passe,45.5549,-0.8967,9.13,87,35,1.86,FR,1714347226
41,olonkinbyen,70.9221,-8.7187,-0.27,87,100,3.1,SJ,1714347227
42,paracuru,-3.41,-39.0306,28.95,87,39,0.65,BR,1714347228
43,carnarvon,-24.8667,113.6333,24.08,72,100,1.73,AU,1714347229
44,conde,-7.2597,-34.9075,25.7,94,100,2.06,BR,1714347230
45,richards bay,-28.783,32.0377,17.7,82,5,4.07,ZA,1714347231
46,codrington,-38.2667,141.9667,13.78,64,83,5.44,AU,1714347232
47,blackmans bay,-43.0167,147.3167,13.18,60,59,0.89,AU,1714347233
48,tangalle,6.024,80.7911,25.96,92,97,1.88,LK,1714347234
49,sinabang,2.4803,96.3801,27.25,86,100,0.52,ID,1714347235
50,ventspils,57.3894,21.5606,11.96,66,0,3.09,LV,1714347236
51,petropavlovsk-kamchatsky,53.0452,158.6483,2.47,99,75,1.0,RU,1714347237
52,bredasdorp,-34.5322,20.0403,14.82,93,1,1.27,ZA,1714347238
53,port elizabeth,-33.918,25.5701,22.28,79,20,3.6,ZA,1714347239
54,prado,-17.3411,-39.2208,25.52,87,1,2.61,BR,1714347240
55,tual,-5.6667,132.75,28.75,77,100,6.62,ID,1714346947
56,port macquarie,-31.4333,152.9167,21.61,62,7,3.19,AU,1714347243
57,iskateley,67.6803,53.1512,-15.5,100,100,2.36,RU,1714347244
58,adamstown,-25.066,-130.1015,23.51,72,0,3.46,PN,1714347245
59,tomatlan,19.9333,-105.25,29.31,29,60,4.32,MX,1714347246
60,jamestown,42.097,-79.2353,20.8,83,40,4.63,US,1714347083
61,villa gesell,-37.2639,-56.973,9.47,69,85,5.63,AR,1714347119
62,chonchi,-42.6128,-73.8092,10.07,92,100,3.55,CL,1714347249
63,margaret river,-33.95,115.0667,11.0,72,42,5.4,AU,1714347250
64,enoch,37.7733,-113.0244,17.49,33,0,2.57,US,1714347239
65,malabar,-33.9667,151.25,21.18,69,0,4.12,AU,1714347252
66,dem'yanovo,60.3511,47.0842,1.6,87,80,0.28,RU,1714347253
67,champerico,14.3,-91.9167,34.3,65,4,4.71,GT,1714347254
68,cockburn town,21.4612,-71.1419,24.67,67,77,9.49,TC,1714347255
69,kuqa,41.7278,82.9364,13.34,19,100,1.66,CN,1714347256
70,raduzhny,62.0961,77.475,-11.02,87,99,7.49,RU,1714347257
71,kupang,-10.1667,123.5833,29.32,79,20,4.63,ID,1714347258
72,hola,51.5377,23.1902,10.1,65,87,3.73,PL,1714347259
73,patur,20.45,76.9333,31.8,39,12,0.59,IN,1714347261
74,iqaluit,63.7506,-68.5145,-9.15,62,75,5.66,CA,1714346967
75,jaisalmer,26.9147,70.9181,26.33,20,18,4.45,IN,1714347263
76,prince rupert,54.3161,-130.3201,5.83,85,100,10.29,CA,1714347264
77,vikravandi,12.0333,79.55,25.71,96,25,2.35,IN,1714347265
78,ried im innkreis,48.2112,13.4886,13.49,75,100,1.34,AT,1714347266
79,tidjikja,18.5564,-11.4271,25.83,46,34,5.02,MR,1714347267
80,saint-joseph,-21.3667,55.6167,23.21,85,93,5.41,RE,1714347268
81,maykop,44.6078,40.1058,16.96,96,66,2.33,RU,1714347269
82,bethel,41.3712,-73.414,22.05,61,100,2.57,US,1714347270
83,tuxpan,19.55,-103.4,27.53,54,65,4.08,MX,1714347271
84,west island,-12.1568,96.8225,27.99,89,40,8.75,CC,1714347272
85,gudari,19.35,83.7833,28.06,63,1,1.09,IN,1714347273
86,stanley,54.868,-1.6985,5.16,86,0,3.6,GB,1714347274
87,turi,40.9173,17.0212,15.02,78,0,1.03,IT,1714347275
88,naama,33.2667,-0.3167,8.63,70,65,8.45,DZ,1714347276
89,klyuchi,52.2667,79.1667,13.03,42,100,8.39,RU,1714347277
90,tiksi,71.6872,128.8694,-13.99,87,49,1.7,RU,1714347278
91,nemuro,43.3236,145.575,7.84,61,40,4.4,JP,1714347279
92,monte patria,-30.6919,-70.9467,18.77,35,100,2.13,CL,1714347201
93,jala,21.0833,-104.4333,28.88,12,47,3.81,MX,1714347281
94,santa luzia,-19.7697,-43.8514,26.5,64,0,1.54,BR,1714347284
95,vorgashor,67.5833,63.95,-19.42,99,97,3.45,RU,1714347285
96,nova sintra,14.8667,-24.7167,23.79,78,6,3.42,CV,1714347286
97,nuuk,64.1835,-51.7216,1.34,69,100,13.38,GL,1714347287
98,ilulissat,69.2167,-51.1,7.01,53,1,5.14,GL,1714347288
99,salalah,17.0151,54.0924,28.05,74,20,1.03,OM,1714347289
100,kourou,5.1552,-52.6478,25.03,86,100,2.99,GF,1714347290
101,senanga,-16.1167,23.2667,15.06,56,0,2.32,ZM,1714347291
102,yuzhno-kurilsk,44.0306,145.8556,5.21,82,15,4.67,RU,1714347293
103,vilyuysk,63.7553,121.6247,-9.44,90,100,0.45,RU,1714347294
104,velingara,13.15,-14.1167,32.86,38,27,3.18,SN,1714347295
105,mount isa,-20.7333,139.5,24.87,57,39,3.6,AU,1714347297
106,ust-nera,64.5667,143.2,-5.11,90,100,3.36,RU,1714347298
107,weno,7.4515,151.8468,25.97,94,100,3.09,FM,1714347299
108,verdal,63.7933,11.4817,9.02,91,90,2.86,NO,1714347300
109,imbituba,-28.24,-48.6703,17.89,87,100,1.3,BR,1714347302
110,ribeira grande,38.5167,-28.7,13.76,80,47,3.13,PT,1714347303
111,breclav,48.759,16.882,15.47,70,97,5.14,CZ,1714347304
112,santo antonio do ica,-3.1022,-67.9397,24.14,97,99,0.55,BR,1714347305
113,remire-montjoly,4.9167,-52.2667,25.02,100,75,0.0,GF,1714347306
114,cambria,35.5641,-121.0808,26.8,83,8,4.02,US,1714347307
115,haiku-pauwela,20.9219,-156.3051,28.01,70,20,8.23,US,1714347199
116,ulladulla,-35.35,150.4667,22.3,46,63,2.01,AU,1714347309
117,lesnoy,57.6198,63.0784,5.21,81,100,2.82,RU,1714347310
118,flying fish cove,-10.4217,105.6791,27.82,94,100,5.14,CX,1714347312
119,qamdo,31.1667,97.2333,2.58,67,43,1.54,CN,1714347314
120,aksu,41.1231,80.2644,14.18,40,100,3.82,CN,1714347315
121,ushuaia,-54.8,-68.3,2.81,81,100,3.09,AR,1714347254
122,sona,45.4388,10.8255,12.75,87,0,2.06,IT,1714347318
123,urengoy,65.9667,78.3667,-7.26,92,100,11.96,RU,1714347319
124,liliani,32.2065,72.9537,18.27,72,28,5.2,PK,1714347320
125,utrik,11.2278,169.8474,27.48,77,91,7.75,MH,1714347321
126,fortuna,40.5982,-124.1573,15.75,72,0,7.2,US,1714347322
127,nar'yan-mar,67.6713,53.087,-15.1,100,98,2.5,RU,1714347323
128,baruun-urt,46.6806,113.2792,6.66,25,87,2.3,MN,1714347324
129,spittal an der drau,46.8,13.5,12.28,97,100,2.21,AT,1714347325
130,la tuque,47.4334,-72.7824,9.14,71,100,6.69,CA,1714347326
131,forster,-32.1667,152.5167,21.88,73,3,2.14,AU,1714347327
132,anadyr,64.75,177.4833,-2.72,92,100,2.0,RU,1714347328
133,harstad,68.799,16.5293,3.66,71,1,7.6,NO,1714347329
134,falam,22.9167,93.6833,20.65,55,53,1.68,MM,1714347330
135,bay roberts,47.5999,-53.2648,3.52,97,100,3.58,CA,1714347331
136,kichmengskiy gorodok,59.9816,45.7854,3.3,83,91,1.79,RU,1714347332
137,tazovsky,67.4667,78.7,-9.69,92,100,11.47,RU,1714347217
138,ofunato,39.0717,141.7167,14.42,70,86,2.58,JP,1714347334
139,posto fiscal rolim de moura,-13.0833,-62.2667,27.22,79,100,0.66,BR,1714347335
140,thompson,55.7435,-97.8558,9.09,25,75,3.6,CA,1714347338
141,el abiodh sidi cheikh,32.893,0.5484,11.19,63,9,11.26,DZ,1714347339
142,whitehorse,60.7161,-135.0538,13.43,28,75,3.09,CA,1714347340
143,porbandar,21.6422,69.6093,26.29,74,22,4.19,IN,1714347341
144,constantia,44.1833,28.65,12.61,70,100,5.4,RO,1714347082
145,praia da vitoria,38.7333,-27.0667,14.14,77,40,1.38,PT,1714347343
146,touros,-5.1989,-35.4608,25.58,90,31,3.53,BR,1714347344
147,ribeira brava,32.65,-17.0667,17.35,54,2,2.17,PT,1714347345
148,longyearbyen,78.2186,15.6401,0.91,80,75,5.14,SJ,1714347346
149,port mathurin,-19.6833,63.4167,26.48,80,66,6.08,MU,1714347347
150,bumba,2.1833,22.4667,25.49,76,75,0.89,CD,1714347348
151,nizhniy odes,63.6445,54.856,-13.76,97,28,1.58,RU,1714347349
152,inda silase,14.1031,38.2829,21.45,44,85,2.31,ET,1714347350
153,bikenibeu village,1.3673,173.1241,28.98,79,20,3.09,KI,1714347351
154,whakatane,-37.9585,176.9854,18.82,71,15,1.34,NZ,1714347352
155,winnemucca,40.973,-117.7357,18.03,25,40,5.14,US,1714347198
156,vadso,70.0744,29.7487,0.49,93,100,3.09,NO,1714347354
157,tamanrasset,22.785,5.5228,24.95,16,0,3.6,DZ,1714347355
158,badger,64.8,-147.5333,11.11,38,0,2.24,US,1714347356
159,kailua-kona,19.6406,-155.9956,29.22,76,0,4.63,US,1714347357
160,georgetown,5.4112,100.3354,27.96,88,20,1.03,MY,1714347136
161,faaa,-17.55,-149.6,29.98,70,40,4.12,PF,1714347359
162,antonio enes,-16.2325,39.9086,24.93,68,79,5.0,MZ,1714347360
163,orcopampa,-15.2661,-72.3417,8.0,84,92,2.33,PE,1714347361
164,udachny,66.4167,112.4,-7.53,92,98,3.83,RU,1714347362
165,dingtao,35.0683,115.5625,15.89,52,68,5.4,CN,1714347363
166,antalaha,-14.9003,50.2788,24.13,85,93,2.72,MG,1714347168
167,aykhal,66.0,111.5,-6.45,93,99,5.41,RU,1714347365
168,tofol,5.3248,163.0078,29.88,79,75,3.09,FM,1714347366
169,hikari,33.955,131.95,18.99,94,100,2.36,JP,1714347367
170,anatuya,-28.4606,-62.8347,18.24,79,96,2.87,AR,1714347368
171,jiangzi,28.95,89.6333,-1.74,60,51,2.09,CN,1714347369
172,kalmunai,7.4167,81.8167,27.23,86,100,1.7,LK,1714347370
173,zhezqazghan,47.7833,67.7667,13.09,25,89,2.82,KZ,1714347371
174,pontianak,-0.0333,109.3333,24.99,100,75,1.54,ID,1714347372
175,amble,55.3333,-1.5833,6.42,81,34,3.6,GB,1714347373
176,puerto armuelles,8.2833,-82.8667,26.16,82,91,0.45,PA,1714347374
177,binhe,32.6883,112.8275,19.4,71,45,3.62,CN,1714347375
178,albu kamal,34.45,40.9186,28.52,26,100,4.38,SY,1714347376
179,sitka,57.0531,-135.33,8.94,61,75,4.63,US,1714347197
180,enewetak,11.3474,162.3373,27.58,73,98,5.66,MH,1714347378
181,corozal,9.3151,-75.2928,25.88,82,100,2.4,CO,1714347379
182,punta arenas,-53.15,-70.9167,4.06,81,20,8.23,CL,1714346602
183,arak,34.0917,49.6892,12.68,39,0,0.97,IR,1714347381
184,lorengau,-2.0226,147.2712,30.28,68,63,2.46,PG,1714347382
185,nagqu,31.5,92.0,-0.9,57,90,1.7,CN,1714347383
186,la ronge,55.1001,-105.2842,9.14,43,100,6.17,CA,1714347385
187,saipan,15.1355,145.701,29.39,74,40,7.72,MP,1714347386
188,cabo san lucas,22.8909,-109.9124,27.56,50,0,4.63,MX,1714347297
189,giado,31.9582,12.0203,20.3,60,99,0.88,LY,1714347388
190,luderitz,-26.6481,15.1594,21.94,35,0,3.17,NA,1714347389
191,borba,-4.3878,-59.5939,27.37,78,97,1.08,BR,1714347390
192,choibalsan,48.0667,114.5,6.61,29,30,2.95,MN,1714347391
193,crane,31.3974,-102.3501,27.43,12,0,4.65,US,1714347392
194,port alfred,-33.5906,26.891,21.77,76,53,4.92,ZA,1714347393
195,kruisfontein,-34.0033,24.7314,21.05,84,100,3.91,ZA,1714347394
196,taro,-8.3862,115.28,24.0,98,85,0.58,ID,1714347395
197,nishinoomote,30.7333,131.0,22.31,100,75,3.6,JP,1714347396
198,saudarkrokur,65.7461,-19.6394,3.54,81,37,0.48,IS,1714347397
199,alofi,-19.0595,-169.9187,26.94,94,100,4.63,NU,1714347398
200,xiangxiang,27.7333,112.5333,21.31,89,100,2.91,CN,1714347399
201,palmer,42.1584,-72.3287,18.65,79,100,2.57,US,1714347345
202,awjilah,29.1081,21.2869,25.98,19,82,6.51,LY,1714347401
203,hamilton,39.1834,-84.5333,26.6,51,0,6.17,US,1714347207
204,bosaso,11.2842,49.1816,29.37,63,78,2.57,SO,1714347344
205,fort bragg,35.139,-79.006,24.91,58,0,4.63,US,1714347404
206,sarandi grande,-33.7333,-56.3333,8.94,68,0,3.01,UY,1714347405
207,shido,34.3233,134.1733,20.37,88,75,1.54,JP,1714347406
208,kutulik,53.3508,102.7839,5.81,75,45,2.94,RU,1714347407
209,bargaal,11.2864,51.0773,28.17,83,74,1.23,SO,1714347408
210,bauska,56.4075,24.1906,9.6,86,2,4.0,LV,1714347409
211,quemado de guines,22.7853,-80.2536,26.12,66,96,6.13,CU,1714347410
212,tura,25.5198,90.2201,24.12,86,0,2.89,IN,1714347411
213,yarmouth,41.7057,-70.2286,13.14,86,100,5.66,US,1714347412
214,coquimbo,-29.9533,-71.3436,13.85,82,0,2.57,CL,1714347144
215,natal,-5.795,-35.2094,25.12,100,75,2.06,BR,1714346740
216,port moresby,-9.4431,147.1797,29.68,74,20,1.54,PG,1714347416
217,gadzhiyevo,69.2551,33.3362,-3.75,84,73,1.23,RU,1714347419
218,inhambane,-23.865,35.3833,21.54,73,86,3.35,MZ,1714347420
219,kerikeri,-35.2268,173.9474,18.94,52,76,4.27,NZ,1714347421
220,moyale,3.5167,39.0584,19.61,85,63,0.87,KE,1714347422
221,puerto deseado,-47.7503,-65.8938,10.87,39,100,8.1,AR,1714347423
222,timbuktu,16.7735,-3.0074,31.53,23,66,9.97,ML,1714347424
223,eyl,7.9803,49.8164,28.13,72,11,2.25,SO,1714347425
224,san andres,12.5847,-81.7006,30.01,74,20,3.09,CO,1714347426
225,jutai,-5.1833,-68.9,24.26,97,99,0.3,BR,1714347427
226,hilo,19.7297,-155.09,26.85,78,40,5.66,US,1714347428
227,rafsanjan,30.4067,55.9939,15.17,37,71,1.62,IR,1714347429
228,nezhinka,51.7676,55.3694,12.09,71,0,1.0,RU,1714347430
229,dalhart,36.0595,-102.5133,20.26,29,74,4.65,US,1714347431
230,waddinxveen,52.0333,4.65,9.47,88,31,3.09,NL,1714347432
231,peralta,18.5816,-70.7703,21.5,86,73,1.86,DO,1714347433
232,kencong,-8.2833,113.3667,25.57,89,48,0.74,ID,1714347434
233,dudinka,69.4058,86.1778,-11.85,90,99,8.49,RU,1714347238
234,faya-largeau,17.9257,19.1043,29.71,10,0,4.88,TD,1714347436
235,mahibadhoo,3.7833,72.9667,27.87,79,100,5.55,MV,1714347437
236,tarinkot,32.6268,65.8733,10.61,67,57,1.27,AF,1714347438
237,kavaratti,10.5669,72.642,29.74,72,100,2.98,IN,1714347439
238,presidente olegario,-18.4178,-46.4181,20.12,71,0,1.11,BR,1714347440
239,redencao,-4.2258,-38.7306,24.67,82,38,1.11,BR,1714347441
240,biograd na moru,43.9433,15.4519,13.2,77,15,0.87,HR,1714347442
241,sittwe,20.15,92.9,28.46,82,12,1.36,MM,1714347443
242,watford city,47.8022,-103.2832,13.42,40,0,5.66,US,1714347355
243,kachug,53.9606,105.8817,4.7,76,85,1.65,RU,1714347446
244,labrador city,52.9463,-66.9114,2.95,93,100,2.06,CA,1714347447
245,mumford,5.2618,-0.759,28.48,85,100,3.52,GH,1714347448
246,la'ie,21.6477,-157.9253,27.98,73,14,2.24,US,1714347449
247,bandundu,-3.3167,17.3667,25.02,74,65,1.35,CD,1714347450
248,porto seguro,-16.4497,-39.0647,24.29,100,20,2.06,BR,1714347451
249,masterton,-40.9597,175.6575,17.16,44,0,2.78,NZ,1714347452
250,laguna,38.421,-121.4238,26.47,36,0,2.57,US,1714347453
251,lata,40.1629,-8.3327,8.29,94,0,0.49,PT,1714347454
252,wau,7.7029,27.9953,24.27,83,97,2.19,SS,1714347455
253,anna regina,7.2644,-58.5077,26.4,80,28,3.16,GY,1714347456
254,alesund,62.4723,6.1549,11.08,58,75,3.09,NO,1714347457
255,college,64.8569,-147.8028,11.16,41,0,0.89,US,1714347458
256,uvinza,-5.1036,30.3911,18.36,96,10,0.8,TZ,1714347459
257,penzance,50.1186,-5.5371,10.38,84,71,10.22,GB,1714347460
258,santa maria del oro,25.9333,-105.3667,28.12,6,0,9.46,MX,1714347461
259,patacamaya,-17.2333,-67.9167,9.96,73,4,4.37,BO,1714347462
260,san patricio,28.017,-97.5169,29.05,85,100,3.63,US,1714347464
261,yasinya,48.2794,24.3604,7.81,91,7,0.83,UA,1714347465
262,los frentones,-26.4077,-61.4137,17.72,94,99,1.01,AR,1714347466
263,okhotsk,59.3833,143.3,-2.2,85,96,1.15,RU,1714347467
264,palm bay,28.0345,-80.5887,24.49,66,75,7.2,US,1714347213
265,plettenberg bay,-34.0527,23.3716,17.52,83,41,2.82,ZA,1714347469
266,hithadhoo,-0.6,73.0833,28.96,75,100,6.91,MV,1714347470
267,yushu,44.8,126.5333,10.42,27,98,4.17,CN,1714347471
268,mermoz boabab,14.7065,-17.4758,25.31,88,0,5.14,SN,1714347472
269,karratha,-20.7377,116.8463,27.75,38,0,3.64,AU,1714347473
270,severo-yeniseyskiy,60.3725,93.0408,1.99,99,100,4.47,RU,1714347474
271,sharlyk,52.9167,54.75,14.32,84,99,2.84,RU,1714347476
272,mus,39.0,41.75,13.63,46,13,1.15,TR,1714347477
273,craig,40.5153,-107.5464,11.79,57,100,9.77,US,1714347478
274,launceston,-41.45,147.1667,14.08,58,40,6.69,AU,1714347479
275,tchintabaraden,15.8969,5.7985,33.96,10,43,5.05,NE,1714347480
276,fisterra,42.9049,-9.2629,7.08,72,3,3.34,ES,1714347481
277,sorong,-0.8833,131.25,27.97,85,100,6.16,ID,1714347482
278,amursk,50.2261,136.8994,7.77,26,0,4.5,RU,1714347483
279,arraial do cabo,-22.9661,-42.0278,24.75,89,0,2.56,BR,1714347485
280,dapa,9.7594,126.0531,25.98,88,100,2.07,PH,1714347486
281,pangai,-19.8,-174.35,29.06,74,40,6.69,TO,1714347487
282,saint-philippe,-21.3585,55.7679,23.77,85,95,5.31,RE,1714347488
283,vila franca do campo,37.7167,-25.4333,14.23,79,20,1.86,PT,1714347489
284,usogorsk,63.4106,48.6872,-0.74,93,96,0.82,RU,1714347490
285,punto fijo,11.6956,-70.1996,27.48,78,99,9.92,VE,1714347491
286,quellon,-43.1167,-73.6167,9.81,92,100,5.8,CL,1714347492
287,floriano,-6.7669,-43.0225,25.9,72,100,0.97,BR,1714347493
288,tirat karmel,32.7617,34.9719,20.88,88,100,1.97,IL,1714347494
289,chernyshevskiy,63.0128,112.4714,-5.13,94,92,2.6,RU,1714347495
290,nova vicosa,-17.8919,-39.3719,24.9,84,0,2.87,BR,1714347497
291,kamaishi,39.2667,141.8833,14.52,69,99,2.55,JP,1714347498
292,copala,16.65,-98.9833,27.7,64,52,2.63,MX,1714347499
293,port lincoln,-34.7333,135.8667,15.57,74,87,6.21,AU,1714347500
294,sake,-1.5736,29.045,17.15,96,99,0.28,CD,1714347501
295,otelu rosu,45.5333,22.3667,11.05,76,0,2.44,RO,1714347502
296,susuman,62.7833,148.1667,-2.79,87,100,2.24,RU,1714347503
297,barbacoas,1.6715,-78.1398,24.82,95,90,0.73,CO,1714347504
298,zhenlai,45.8495,123.2973,11.76,19,94,2.14,CN,1714347505
299,akdepe,42.0551,59.3788,9.05,33,0,3.62,TM,1714347506
300,qarauyl,48.9451,79.255,8.28,28,18,3.53,KZ,1714347507
301,san antonio de pale,-1.4014,5.6325,28.71,85,100,4.87,GQ,1714347508
302,bel ombre,-4.6167,55.4167,27.91,83,20,1.03,SC,1714347509
303,miracema do tocantins,-9.5618,-48.3967,25.71,81,100,0.3,BR,1714347510
304,thomasville,35.8826,-80.082,23.58,64,16,0.89,US,1714347427
305,torres,-29.3353,-49.7269,19.9,78,100,2.45,BR,1714347512
306,noumea,-22.2763,166.4572,26.11,99,35,6.99,NC,1714347151
307,khandyga,62.6667,135.6,-4.09,86,100,2.01,RU,1714347514
308,karatau,43.1667,70.4667,7.7,83,100,0.54,KZ,1714347515
309,lebu,-37.6167,-73.65,12.13,83,80,6.67,CL,1714347516
310,mil'kovo,55.6078,37.7956,9.63,70,36,1.9,RU,1714347517
311,grand gaube,-20.0064,57.6608,25.22,87,71,1.34,MU,1714347518
312,shihezi,44.3,86.0333,11.29,22,89,0.7,CN,1714347519
313,tazacorte,28.629,-17.9293,17.54,71,75,3.6,ES,1714347520
314,keflavik,64.0049,-22.5624,7.24,70,40,1.03,IS,1714347521
315,krasnogorskoye,52.2953,86.1979,8.38,58,99,3.05,RU,1714347522
316,kungur,57.4368,56.9593,4.18,63,100,5.16,RU,1714347523
317,wuda,39.4994,106.7117,7.33,55,78,8.53,CN,1714347524
318,mont-dore,-22.2833,166.5833,26.99,99,44,5.21,NC,1714347525
319,san sebastian de la gomera,28.0916,-17.1133,19.2,55,40,4.63,ES,1714347526
320,port douglas,-16.4833,145.4667,24.85,81,70,7.56,AU,1714347527
321,gijang,35.2442,129.2139,13.85,90,100,8.13,KR,1714347339
322,brisas de zicatela,15.8369,-97.0419,30.29,74,0,2.57,MX,1714347529
323,murashi,59.3999,48.9615,3.77,77,100,1.8,RU,1714347531
324,opuwo,-18.0607,13.84,20.59,36,0,3.28,NA,1714347532
325,qaqortoq,60.7167,-46.0333,0.5,80,70,0.88,GL,1714347533
326,voi,-3.3945,38.563,21.96,77,97,1.89,KE,1714347534
327,ingeniero jacobacci,-41.3427,-69.5448,5.0,84,65,10.36,AR,1714347535
328,suva,-18.1416,178.4415,29.71,79,75,4.63,FJ,1714347536
329,mayya,61.7333,130.2811,-0.38,47,73,2.41,RU,1714347537
330,mawu,29.5923,107.3139,18.49,93,100,0.97,CN,1714347538
331,guozhen,34.3659,107.359,11.99,81,100,4.32,CN,1714347539
332,turpan,42.9333,89.1667,16.41,11,100,1.54,CN,1714347540
333,san martin,-33.081,-68.4681,17.3,55,5,3.6,AR,1714347541
334,taltal,-25.4,-70.4833,16.49,86,25,1.15,CL,1714347020
335,kenora,49.8167,-94.4337,7.54,53,75,6.17,CA,1714347463
336,rupert,42.6191,-113.6772,14.97,33,0,7.2,US,1714347545
337,cuero,29.0939,-97.2892,27.66,82,73,1.79,US,1714347546
338,pizarro,4.9533,-77.366,26.11,86,83,1.61,CO,1714347547
339,prince albert,53.2001,-105.7677,14.97,41,75,7.2,CA,1714347548
340,myitkyina,25.3833,97.4,21.62,74,0,1.91,MM,1714347549
341,hadibu,12.65,54.0333,28.92,76,32,3.4,YE,1714347550
342,boa vista,2.8197,-60.6733,31.99,51,20,2.57,BR,1714347551
343,fale old settlement,-9.3852,-171.2468,29.84,73,100,4.44,TK,1714347552
344,akcadag,38.3453,37.9672,10.55,82,40,2.06,TR,1714347553
345,cajaruro,-5.7364,-78.4256,26.47,76,83,2.72,PE,1714347554
346,tabas,33.5959,56.9244,19.22,23,0,1.5,IR,1714347555
347,mananjary,-21.2167,48.3333,22.4,89,57,2.78,MG,1714347556
348,plastun,44.7561,136.2939,10.18,26,55,1.37,RU,1714347557
349,bubaque,11.2833,-15.8333,25.62,78,1,7.18,GW,1714347558
350,santangpu,27.3987,111.9928,21.3,92,100,3.21,CN,1714347559
351,vilyuchinsk,52.9306,158.4028,4.15,98,100,0.95,RU,1714347560
352,suoyarvi,62.0833,32.35,4.72,94,83,1.76,RU,1714347561
353,queenstown,-31.8976,26.8753,14.9,71,86,2.37,ZA,1714347396
354,kulhudhuffushi,6.6221,73.07,29.36,73,95,3.56,MV,1714347563
355,spring creek,40.7266,-115.5859,14.9,40,66,0.45,US,1714347564
356,broken hill,-31.95,141.4333,19.1,25,100,2.18,AU,1714347565
357,grand falls-windsor,48.9332,-55.6649,5.84,54,93,1.79,CA,1714347567
358,kosh-agach,50.0,88.6667,0.17,35,54,0.89,RU,1714347568
359,paita,-5.0892,-81.1144,22.14,80,33,6.45,PE,1714347569
360,diego de almagro,-26.3667,-70.05,17.21,50,20,1.68,CL,1714347570
361,ola,59.5833,151.2833,-0.48,97,100,1.72,RU,1714347571
362,tupancireta,-29.0806,-53.8358,16.57,96,94,5.25,BR,1714347572
363,rio grande,-32.035,-52.0986,16.06,63,10,2.61,BR,1714347482
364,tamulte de las sabanas,18.2167,-92.7833,36.16,38,4,4.72,MX,1714347574
365,zhosaly,45.4878,64.0781,13.01,26,6,3.72,KZ,1714347575
366,novyy urgal,51.0736,132.5642,7.3,29,57,2.48,RU,1714347576
367,uturoa,-16.7333,-151.4333,27.81,76,78,8.75,PF,1714347577
368,verkh-chebula,56.0308,87.6218,10.24,59,100,11.25,RU,1714347487
369,melekeok village,7.4957,134.6367,29.31,84,75,3.09,PW,1714347579
370,bodo,67.28,14.405,4.87,70,0,8.75,NO,1714347580
371,mehtar lam,34.6714,70.2094,12.71,86,100,1.72,AF,1714347581
372,al lagowa,11.4,29.1333,29.52,23,57,1.96,SD,1714347583
373,rio gallegos,-51.6226,-69.2181,3.03,75,0,5.14,AR,1714347394
374,port augusta,-32.5,137.7667,19.94,36,100,3.23,AU,1714347585
375,dongyang,29.2678,120.2253,20.95,94,59,0.88,CN,1714347586
376,nazca,-14.8333,-74.95,23.74,59,0,2.02,PE,1714347587
377,chui,-33.6971,-53.4616,10.3,68,0,2.04,UY,1714347588
378,wailua homesteads,22.0669,-159.378,26.74,72,0,3.6,US,1714347589
379,decazeville,44.5605,2.2509,12.38,88,100,1.36,FR,1714347590
380,umiray,15.2206,121.4111,26.51,82,96,2.48,PH,1714347591
381,revda,56.801,59.9303,4.64,69,100,3.99,RU,1714347592
382,nampula,-15.1165,39.2666,19.97,94,75,4.63,MZ,1714347593
383,colonia,50.9333,6.95,12.76,77,0,3.6,DE,1714347595
384,mikuni,36.2171,136.1519,18.95,72,100,0.79,JP,1714347596
385,vorkuta,67.5,64.0,-19.11,99,97,3.46,RU,1714347597
386,carutapera,-1.195,-46.02,24.66,92,100,2.0,BR,1714347598
387,owo,7.1962,5.5868,24.84,94,100,2.66,NG,1714347599
388,st. john's,47.5649,-52.7093,3.32,96,100,4.63,CA,1714347535
389,jinchang,38.4953,102.1739,6.0,29,100,3.19,CN,1714347601
390,ilembula,-8.9,34.5833,13.92,81,4,3.76,TZ,1714347602
391,raufoss,60.7264,10.6172,3.03,99,100,0.99,NO,1714347603
392,lumbang,14.2973,121.4598,30.59,71,46,3.76,PH,1714347604
393,manay,7.215,126.5397,28.58,67,100,4.33,PH,1714347605
394,vernon,50.2581,-119.2691,15.2,60,100,3.09,CA,1714347606
395,atafu village,-8.5421,-172.5159,29.8,73,100,4.79,TK,1714347607
396,okha,53.5739,142.9478,0.7,68,63,5.36,RU,1714347608
397,kaa-khem,51.6833,94.7333,4.67,54,70,2.01,RU,1714347609
398,east london,-33.0153,27.9116,20.65,69,62,3.93,ZA,1714347610
399,ramganj mandi,24.65,75.9333,28.65,14,32,4.3,IN,1714347611
400,palu,-0.8917,119.8707,28.2,87,81,0.51,ID,1714347352
401,yazd,31.8972,54.3675,16.06,39,0,2.06,IR,1714347613
402,kone,-21.0595,164.8658,27.25,58,16,2.47,NC,1714347614
403,holualoa,19.6228,-155.9522,27.15,76,0,4.63,US,1714347615
404,hojai,26.0,92.8667,23.38,62,1,1.57,IN,1714347616
405,port-vila,-17.7338,168.3219,27.78,78,75,4.63,VU,1714347617
406,farkhar,36.5729,69.8578,2.25,79,100,1.71,AF,1714347618
407,cassilandia,-19.1133,-51.7342,25.04,58,54,1.36,BR,1714347619
408,margate,51.3813,1.3862,9.06,85,4,2.24,GB,1714347621
409,naracoorte,-36.9579,140.7383,13.82,65,100,4.0,AU,1714347622
410,yaren,-0.5472,166.916,28.76,78,80,4.68,NR,1714347622
411,mwinilunga,-11.7358,24.4293,13.12,83,0,2.03,ZM,1714347624
412,monrovia,6.3005,-10.7969,22.87,85,99,2.23,LR,1714347419
413,lagunas,-5.2269,-75.6753,25.13,90,85,0.86,PE,1714347627
414,raja sansi,31.7192,74.7978,21.99,88,40,3.13,IN,1714347628
415,dunedin,-45.8742,170.5036,13.22,83,5,2.68,NZ,1714347448
416,pozo del molle,-32.0186,-62.9198,12.88,74,7,3.6,AR,1714347631
417,labasa,-16.4167,179.3833,30.68,67,28,3.84,FJ,1714347632
418,tbeng meanchey,13.8167,104.9667,29.83,58,10,1.83,KH,1714347633
419,san luis de la loma,17.2706,-100.8939,27.67,70,44,2.87,MX,1714347635
420,kapuskasing,49.4169,-82.4331,4.0,56,75,4.12,CA,1714347542
421,nyurba,63.2842,118.3319,-6.01,92,95,1.34,RU,1714347637
422,xam nua,20.4197,104.0439,26.8,42,0,1.84,LA,1714347638
423,miedzyzdroje,53.9292,14.451,16.1,88,100,2.41,PL,1714347639
424,epinal,48.1833,6.45,8.42,96,100,1.24,FR,1714347640
425,puerto baquerizo moreno,-0.9,-89.6,27.55,78,40,5.14,EC,1714347641
426,polessk,54.862,21.1028,14.09,75,73,4.93,RU,1714347642
427,aasiaat,68.7098,-52.8699,-3.64,90,31,2.37,GL,1714347643
428,mount pearl,47.5166,-52.7813,2.86,97,100,4.63,CA,1714347645
429,alice springs,-23.7,133.8833,12.75,50,0,3.09,AU,1714347645
430,numan,9.4667,12.0333,30.3,19,100,1.29,NG,1714347646
431,north bend,43.4065,-124.2243,14.02,82,100,5.14,US,1714347401
432,hailar,49.2,119.7,7.26,29,2,3.05,CN,1714347649
433,talnakh,69.4865,88.3972,-10.27,89,100,0.66,RU,1714347650
434,funadhoo,6.15,73.2667,29.21,73,100,3.9,MV,1714347651
435,toguchin,55.2353,84.3858,10.17,78,100,10.25,RU,1714347652
436,sorochinsk,52.4338,53.1583,14.4,79,70,0.64,RU,1714347653
437,mount gambier,-37.8333,140.7667,13.33,62,100,3.21,AU,1714347654
438,galliano,29.4422,-90.2992,26.0,79,52,6.83,US,1714347655
439,arcadia,34.1397,-118.0353,28.46,47,0,5.66,US,1714347656
440,tarumizu,31.4833,130.7,21.64,99,100,0.1,JP,1714347657
441,bavly,54.393,53.2602,10.15,82,99,2.4,RU,1714347658
442,carnot,4.9409,15.8665,24.36,73,75,0.69,CF,1714347660
443,bakaly,55.1789,53.8028,10.75,82,100,3.26,RU,1714347661
444,zabid,14.1951,43.3152,30.13,58,28,3.68,YE,1714347663
445,atar,20.5169,-13.0499,25.1,48,100,1.03,MR,1714347664
446,calama,-22.4667,-68.9333,18.27,32,0,5.14,CL,1714347248
447,tobelo,1.7284,128.0095,28.19,81,99,1.79,ID,1714347666
448,bere,9.3202,16.1552,32.95,13,100,0.7,TD,1714347667
449,gobabis,-22.45,18.9667,17.1,51,0,4.74,NA,1714347668
450,brak,27.5496,14.2714,29.22,11,5,3.91,LY,1714347669
451,cidreira,-30.1811,-50.2056,20.57,65,62,5.17,BR,1714347670
452,olbernhau,50.6667,13.3333,13.34,93,97,2.76,DE,1714347671
453,gumdag,39.2061,54.5906,17.73,13,0,8.47,TM,1714347672
454,taroa,8.7058,171.2275,27.85,76,100,7.87,MH,1714347673
455,chinde,26.8418,88.0763,19.21,25,15,2.48,NP,1714347674
456,aripuana,-9.1667,-60.6333,24.34,97,91,0.43,BR,1714347675
457,iisalmi,63.5592,27.1907,0.54,96,100,0.22,FI,1714347676
458,afaahiti,-17.75,-149.2833,28.93,81,98,9.95,PF,1714347677
459,ceeldheer,3.8488,47.1806,28.04,78,100,5.07,SO,1714347678
460,beaumont,30.0861,-94.1019,26.99,86,100,9.26,US,1714347384
461,zhytkavichy,52.2168,27.8561,11.14,74,80,2.07,BY,1714347680
462,kroya,-7.6331,109.2461,26.72,89,92,3.41,ID,1714347681
463,labytnangi,66.6572,66.4183,-13.68,78,81,5.15,RU,1714347401
464,chibougamau,49.9168,-74.3659,-0.21,93,100,5.66,CA,1714347683
465,kingston,17.997,-76.7936,30.53,66,40,4.63,JM,1714347333
466,novyy urengoy,66.0833,76.6333,-9.43,91,100,12.09,RU,1714347685
467,la sarre,48.8002,-79.1996,2.76,54,100,5.19,CA,1714347686
468,roma,43.2128,-75.4557,18.38,99,100,1.54,US,1714347687
469,mozarlandia,-14.7447,-50.5706,28.53,63,60,1.79,BR,1714347688
470,lugoba,-6.45,38.3333,20.22,87,25,1.87,TZ,1714347689
471,saint-louis,16.3333,-15.0,30.8,29,0,8.15,SN,1714347691
472,dubbo,-32.25,148.6167,15.07,77,75,2.57,AU,1714347693
473,ruteng,-8.6136,120.4721,21.11,91,66,1.43,ID,1714347694
474,fort mcmurray,56.7268,-111.381,12.77,54,100,6.69,CA,1714347580
475,grande prairie,55.1667,-118.8027,10.1,53,75,12.35,CA,1714347498
476,annan,54.9884,-3.2565,8.88,88,31,5.33,GB,1714347697
477,san julian,21.0167,-102.1667,26.74,5,1,6.73,MX,1714347698
478,vangaindrano,-23.35,47.6,21.1,83,70,1.53,MG,1714347699
479,aleksandrov gay,50.147,48.5704,16.06,39,97,4.3,RU,1714347700
480,maragogi,-9.0122,-35.2225,25.65,88,95,3.22,BR,1714347701
481,saint-jean-de-maurienne,45.1667,6.5833,-0.98,96,100,4.35,FR,1714347702
482,baymak,52.5933,58.3225,12.11,92,89,1.94,RU,1714347704
483,mejit,10.2753,170.8646,27.63,79,88,8.22,MH,1714347706
484,tindouf,27.6711,-8.1474,15.25,47,0,10.29,DZ,1714347707
485,troitsko-pechorsk,62.7084,56.1964,-8.5,92,13,2.68,RU,1714347708
486,portland,45.5234,-122.6762,14.75,73,75,4.63,US,1714347266
487,kyabe,9.4515,18.9449,32.92,20,100,1.04,TD,1714347710
488,katy,29.7858,-95.8244,26.55,87,75,7.2,US,1714347077
489,paramonga,-10.6667,-77.8333,20.47,84,11,2.74,PE,1714347712
490,polyarnyy,69.1989,33.4478,-3.69,83,79,1.37,RU,1714347587
491,bonthe,7.5264,-12.505,27.92,84,76,1.1,SL,1714347714
492,geraldton,-28.7667,114.6,20.23,40,40,3.6,AU,1714347713
493,zeya,53.75,127.2667,5.27,52,88,0.74,RU,1714347717
494,issia,6.4922,-6.5856,24.27,98,87,0.71,CI,1714347718
495,illapel,-31.6308,-71.1653,12.49,57,100,1.06,CL,1714347204
496,alaghsas,17.0187,8.0168,30.85,11,2,5.47,NE,1714347720
497,kirensk,57.7853,108.1119,3.31,89,97,4.55,RU,1714347721
498,mahdia,35.5047,11.0622,17.97,94,1,4.19,TN,1714347722
499,serhetabat,35.2799,62.3438,7.88,35,0,1.05,TM,1714347723
500,saint-francois,46.4154,3.9054,9.8,94,0,1.03,FR,1714347725
501,mandalgovi,45.7625,106.2708,1.06,45,0,4.61,MN,1714347726
502,guntur,16.3,80.45,27.6,85,5,3.03,IN,1714347727
503,ancud,-41.8697,-73.8203,11.23,80,94,8.86,CL,1714347728
504,pachino,36.7186,15.0907,16.0,81,0,9.28,IT,1714347729
505,brajarajnagar,21.8167,83.9167,26.47,42,8,1.05,IN,1714347730
506,wajir,1.7471,40.0573,25.3,70,75,4.61,KE,1714347731
507,ha'il,27.5219,41.6907,17.01,63,0,2.06,SA,1714347732
508,mancio lima,-7.6142,-72.8958,25.04,100,40,1.03,BR,1714347733
509,naze,28.3667,129.4833,23.51,85,25,6.93,JP,1714347734
510,flin flon,54.7682,-101.865,6.91,36,100,3.09,CA,1714347735
511,as sulayyil,20.4607,45.5779,28.14,21,21,2.3,SA,1714347736
512,coahuayana de hidalgo,18.7,-103.6583,26.92,60,60,2.01,MX,1714347737
513,khanty-mansiysk,61.0042,69.0019,-3.94,63,40,3.0,RU,1714347738
514,ahraura,25.0167,83.0167,27.88,32,18,2.31,IN,1714347739
515,riverside,33.7333,-116.0508,30.44,13,0,3.65,US,1714347740
516,rundu,-17.9333,19.7667,16.2,45,0,2.77,NA,1714347728
517,sredniy,52.89,103.5,6.54,72,50,2.4,RU,1714347742
518,aral,40.5156,81.2636,14.13,27,100,2.06,CN,1714347743
519,sisimiut,66.9395,-53.6735,0.06,75,86,7.75,GL,1714347744
520,si sa ket,14.8333,104.3333,30.75,55,0,3.72,TH,1714347746
521,antsiranana,-12.2787,49.2917,25.0,86,96,6.84,MG,1714347747
522,dolni dabnik,43.4,24.4333,11.9,71,0,1.03,BG,1714347749
523,zambezi,-13.5432,23.1047,14.24,60,0,2.18,ZM,1714347750
524,ovalle,-30.5983,-71.2003,18.88,41,95,2.28,CL,1714347553
525,port blair,11.6667,92.75,26.02,94,40,1.03,IN,1714347752
526,kyren,51.6828,102.1408,4.41,50,33,0.89,RU,1714347753
527,woodlake,37.4211,-77.6793,26.9,59,75,2.57,US,1714347754
528,robore,-18.3333,-59.75,27.4,62,44,1.72,BO,1714347755
529,swakopmund,-22.6833,14.5333,18.47,60,26,1.1,NA,1714347756
530,fort st. john,56.2499,-120.8529,7.94,76,75,4.63,CA,1714347757
531,igrim,63.1906,64.4162,-7.87,67,1,3.16,RU,1714347526
532,jonuta,18.0833,-92.1333,38.52,30,3,4.48,MX,1714347759
533,kapa'a,22.0752,-159.319,26.99,71,0,3.6,US,1714347760
534,puerto aysen,-45.4,-72.7,5.92,100,100,1.79,CL,1714347716
535,ust'-kulom,61.6864,53.6902,-2.39,79,17,1.51,RU,1714347762
536,hirara,24.8,125.2833,28.15,94,75,6.69,JP,1714347763
537,ferkessedougou,9.6,-5.2,27.85,68,100,2.01,CI,1714347765
538,port angeles,48.1181,-123.4307,10.27,72,100,7.2,US,1714347634
539,dikhil,11.5,42.1667,25.63,70,72,2.91,DJ,1714347767
540,codigoro,44.8311,12.1142,12.81,82,77,1.76,IT,1714347768
541,dawei,14.0833,98.2,25.78,90,14,1.35,MM,1714347769
542,greymouth,-42.4667,171.2,15.25,65,6,0.97,NZ,1714347770
543,wuwei,37.9281,102.6414,7.34,48,100,1.99,CN,1714347771
544,port isabel,26.0734,-97.2086,32.05,84,100,8.23,US,1714347772
545,batticaloa,7.7102,81.6924,27.23,88,100,2.18,LK,1714347773
546,somanda,-3.3667,33.95,19.9,88,87,1.9,TZ,1714347774
547,shendi,16.6915,33.4341,30.3,11,0,6.61,SD,1714347775
548,tabou,4.423,-7.3528,27.44,84,100,2.15,CI,1714347776
549,kerema,-7.9631,145.7785,29.0,75,95,3.35,PG,1714347777
550,stephenville,32.2207,-98.2023,27.87,56,0,2.06,US,1714347770
551,vila velha,-20.3297,-40.2925,25.97,85,0,4.12,BR,1714347573
552,kavieng,-2.5744,150.7967,29.45,73,87,1.75,PG,1714347780
553,salinopolis,-0.6136,-47.3561,25.38,90,100,2.97,BR,1714347781
554,gounou gaya,9.6294,15.5132,33.07,11,100,2.12,TD,1714347782
555,malango,-2.9627,119.9001,22.63,92,93,0.14,ID,1714347783
556,boves,44.332,7.5514,9.92,97,100,1.34,IT,1714347784
557,ta`u,-14.2336,-169.5144,29.62,78,22,6.83,AS,1714347785
558,christchurch,-43.5333,172.6333,16.9,81,100,1.54,NZ,1714347786
559,san rafael del yuma,18.4299,-68.6739,26.76,75,4,4.54,DO,1714347787
560,sumbawa besar,-8.5,117.4333,26.69,78,49,1.75,ID,1714347602
561,moroto,2.5345,34.6666,18.46,94,100,2.36,UG,1714347789
562,napili-honokowai,20.9708,-156.6705,28.64,80,9,6.12,US,1714347790
563,pasighat,28.0667,95.3333,23.04,66,98,1.43,IN,1714347668
564,buka,40.8108,69.1986,9.78,55,85,1.29,UZ,1714347792
565,beloyarskiy,63.7119,66.6722,-8.33,78,21,5.36,RU,1714347793
566,punta cana,18.5818,-68.4043,26.87,65,40,5.14,DO,1714347605
567,lensk,60.7253,114.9278,-0.1,86,95,1.61,RU,1714347715
568,ciudad rodrigo,40.6,-6.5333,4.87,89,57,1.21,ES,1714347796
569,akrehamn,59.2667,5.1833,12.22,62,100,8.23,NO,1714347797
570,khasab,26.1799,56.2477,27.42,45,89,2.24,OM,1714347798
571,sola,-13.8833,167.55,28.27,80,98,7.53,VU,1714347799
572,ngetkib,7.3645,134.5148,29.14,84,75,3.09,PW,1714347802
573,ciudad lazaro cardenas,17.9583,-102.2,26.75,67,77,3.2,MX,1714347551
574,yung shue wan,22.2333,114.1167,28.68,91,21,0.45,HK,1714347804
575,chasong,41.4608,126.6414,10.87,62,91,1.22,KP,1714347805
576,hollymead,38.1171,-78.4417,27.41,62,52,1.23,US,1714347806
577,tongchuanshi,35.0806,109.0897,12.09,82,100,7.18,CN,1714347807
578,piacabucu,-10.4056,-36.4344,25.73,87,100,3.33,BR,1714347808
579,nizhniy kuranakh,58.8353,125.4869,-2.04,77,100,2.07,RU,1714347809
580,damghan,36.1683,54.348,14.43,38,0,0.26,IR,1714347811
581,tolanaro,-25.0319,46.9987,21.04,94,75,5.14,MG,1714347812
582,liberal,37.0431,-100.921,21.08,30,0,4.12,US,1714347630
583,prainha,-1.8,-53.48,24.09,94,100,1.14,BR,1714347814
584,oranjemund,-28.55,16.4333,16.55,68,3,2.55,NA,1714347815
585,shannon,52.7039,-8.8642,9.0,81,75,5.14,IE,1714347816
586,saynshand,44.8824,110.1163,5.87,34,54,3.03,MN,1714347817
587,kihangara,-2.5833,33.35,19.58,91,88,3.57,TZ,1714347818
588,charters towers,-20.1,146.2667,24.4,56,0,6.88,AU,1714347553
589,changping,40.2186,116.2197,8.8,84,100,0.94,CN,1714347820
590,camocim,-2.9022,-40.8411,25.08,89,63,1.11,BR,1714347635
591,saint-pierre,-21.3393,55.4781,23.82,88,100,4.63,RE,1714347822
592,recreo,-29.2818,-65.061,18.18,68,0,6.45,AR,1714347823
593,nyagan,62.1406,65.3936,-9.72,84,13,2.21,RU,1714347824
594,fuyu,45.1833,124.8167,11.21,26,100,3.11,CN,1714347826
595,arica,-18.475,-70.3042,21.75,60,0,2.06,CL,1714347696
596,minusinsk,53.7103,91.6875,12.01,49,100,7.1,RU,1714347831
597,rancho palos verdes,33.7445,-118.387,24.41,78,0,2.68,US,1714347833
598,devils lake,48.1128,-98.8651,6.06,75,100,6.17,US,1714347835
599,bandon,51.7469,-8.7425,8.77,93,100,5.68,IE,1714347837
600,jinxiang,27.4327,120.6062,22.62,84,4,0.83,CN,1714347839
601,westport,41.1415,-73.3579,21.82,80,20,2.57,US,1714347841
602,iwye,53.9299,25.7727,10.33,79,50,3.01,BY,1714347842
